-- city
insert into city (city_id, name, country) values (1, 'Atlanta', 'United States');
insert into city (city_id, name, country) values (2, 'Los Angeles', 'United States');
insert into city (city_id, name, country) values (3, 'Chicago', 'United States');
insert into city (city_id, name, country) values (4, 'Dallas', 'United States');
insert into city (city_id, name, country) values (5, 'Denver', 'United States');
insert into city (city_id, name, country) values (6, 'New York', 'United States');
insert into city (city_id, name, country) values (7, 'San Francisco', 'United States');
insert into city (city_id, name, country) values (8, 'Las Vegas', 'United States');
insert into city (city_id, name, country) values (9, 'seattle', 'United States');
insert into city (city_id, name, country) values (10, 'Charlotte', 'United States');
insert into city (city_id, name, country) values (11, 'Orlando', 'United States');
insert into city (city_id, name, country) values (12, 'Miami', 'United States');
insert into city (city_id, name, country) values (13, 'Phoenix', 'United States');
insert into city (city_id, name, country) values (14, 'Newark', 'United States');
insert into city (city_id, name, country) values (15, 'Houston', 'United States');
insert into city (city_id, name, country) values (16, 'Minneapolis', 'United States');
insert into city (city_id, name, country) values (17, 'Boston', 'United States');
insert into city (city_id, name, country) values (18, 'Detroit', 'United States');
insert into city (city_id, name, country) values (19, 'Fort Lauderdale', 'United States');
insert into city (city_id, name, country) values (20, 'Washington', 'United States');

-- airport
insert into airport (airport_id, name, code, city_id) values (1, 'Hartsfield–Jackson Atlanta International airport', 'ATL', 1);
insert into airport (airport_id, name, code, city_id) values (2, 'Los Angeles International airport', 'LAX', 2);
insert into airport (airport_id, name, code, city_id) values (3, 'O''Hare International airport', 'ORD', 3);
insert into airport (airport_id, name, code, city_id) values (4, 'Dallas-Fort Worth International airport', 'DFW', 4);
insert into airport (airport_id, name, code, city_id) values (5, 'Denver International airport', 'DEN', 5);
insert into airport (airport_id, name, code, city_id) values (6, 'John F. Kennedy International airport', 'JFK', 6);
insert into airport (airport_id, name, code, city_id) values (7, 'San Francisco International airport', 'SFO', 7);
insert into airport (airport_id, name, code, city_id) values (8, 'McCarran International airport', 'LAS', 8);
insert into airport (airport_id, name, code, city_id) values (9, 'seattle–Tacoma International airport', 'SEA', 9);
insert into airport (airport_id, name, code, city_id) values (10, 'Charlotte Douglas International airport', 'CLT', 10);
insert into airport (airport_id, name, code, city_id) values (11, 'Orlando International airport', 'MCO', 11);
insert into airport (airport_id, name, code, city_id) values (12, 'Miami International airport', 'MIA', 12);
insert into airport (airport_id, name, code, city_id) values (13, 'Phoenix Sky Harbor International airport', 'PHX', 13);
insert into airport (airport_id, name, code, city_id) values (14, 'Newark Liberty International airport', 'EWR', 14);
insert into airport (airport_id, name, code, city_id) values (15, 'George Bush Intercontinental Houston airport', 'IAH', 15);
insert into airport (airport_id, name, code, city_id) values (16, 'St Paul International airport', 'MSP', 16);
insert into airport (airport_id, name, code, city_id) values (17, 'Logan International airport', 'BOS', 17);
insert into airport (airport_id, name, code, city_id) values (18, 'Detroit Metropolitan Wayne County airport', 'DTW', 18);
insert into airport (airport_id, name, code, city_id) values (19, 'Fort Lauderdale Hollywood International airport', 'FLL', 19);
insert into airport (airport_id, name, code, city_id) values (20, 'Orlando Executive airport', 'ORL', 11);
insert into airport (airport_id, name, code, city_id) values (21, 'LaGuardia airport', 'LGA', 6);
insert into airport (airport_id, name, code, city_id) values (22, 'Ronald Reagan Washington National airport', 'DCA', 20);
insert into airport (airport_id, name, code, city_id) values (23, 'Washington Dulles International airport', 'IAD', 20);

-- airline
insert into airline (airline_id, name) values (1, 'Brightdog');
insert into airline (airline_id, name) values (2, 'Skidoo');
insert into airline (airline_id, name) values (3, 'Eazzy');
insert into airline (airline_id, name) values (4, 'Ozu');
insert into airline (airline_id, name) values (5, 'Quaxo');
insert into airline (airline_id, name) values (6, 'Browsezoom');
insert into airline (airline_id, name) values (7, 'Oyonder');
insert into airline (airline_id, name) values (8, 'Bubblemix');
insert into airline (airline_id, name) values (9, 'Thoughtworks');
insert into airline (airline_id, name) values (10, 'Babbleset');
insert into airline (airline_id, name) values (11, 'Tazzy');
insert into airline (airline_id, name) values (12, 'Meedoo');
insert into airline (airline_id, name) values (13, 'Flashset');
insert into airline (airline_id, name) values (14, 'Edgewire');
insert into airline (airline_id, name) values (15, 'Bluejam');
insert into airline (airline_id, name) values (16, 'Cogibox');
insert into airline (airline_id, name) values (17, 'Skaboo');
insert into airline (airline_id, name) values (18, 'Vinder');
insert into airline (airline_id, name) values (19, 'Dazzlesphere');
insert into airline (airline_id, name) values (20, 'Skajo');
insert into airline (airline_id, name) values (21, 'Edgeblab');
insert into airline (airline_id, name) values (22, 'Roombo');
insert into airline (airline_id, name) values (23, 'Jabbersphere');
insert into airline (airline_id, name) values (24, 'Linkbuzz');
insert into airline (airline_id, name) values (25, 'Flashpoint');
insert into airline (airline_id, name) values (26, 'Realcube');
insert into airline (airline_id, name) values (27, 'Eazzy');
insert into airline (airline_id, name) values (28, 'Topdrive');
insert into airline (airline_id, name) values (29, 'Topicware');
insert into airline (airline_id, name) values (30, 'Riffpath');
insert into airline (airline_id, name) values (31, 'Yoveo');
insert into airline (airline_id, name) values (32, 'Kamba');
insert into airline (airline_id, name) values (33, 'Divape');
insert into airline (airline_id, name) values (34, 'Mydeo');
insert into airline (airline_id, name) values (35, 'Photojam');
insert into airline (airline_id, name) values (36, 'Mudo');
insert into airline (airline_id, name) values (37, 'JumpXS');
insert into airline (airline_id, name) values (38, 'Eabox');
insert into airline (airline_id, name) values (39, 'Shuffledrive');
insert into airline (airline_id, name) values (40, 'Oba');
insert into airline (airline_id, name) values (41, 'Skipfire');
insert into airline (airline_id, name) values (42, 'Skibox');
insert into airline (airline_id, name) values (43, 'DabZ');
insert into airline (airline_id, name) values (44, 'Yata');
insert into airline (airline_id, name) values (45, 'Kazio');
insert into airline (airline_id, name) values (46, 'Snaptags');
insert into airline (airline_id, name) values (47, 'Browseblab');
insert into airline (airline_id, name) values (48, 'Flashspan');
insert into airline (airline_id, name) values (49, 'Wikizz');
insert into airline (airline_id, name) values (50, 'Trupe');

-- airplane
insert into airplane (airplane_id, curent_capacity, max_capacity, model, airline_id) values ('#f2266d', 21, 40, 'Ram 1500', 27);
insert into airplane (airplane_id, curent_capacity, max_capacity, model, airline_id) values ('#ce95ca', 18, 25, 'Maxima', 33);
insert into airplane (airplane_id, curent_capacity, max_capacity, model, airline_id) values ('#17a08e', 10, 15, 'Yukon', 14);
insert into airplane (airplane_id, curent_capacity, max_capacity, model, airline_id) values ('#5bdaaf', 2, 15, '3500', 30);
insert into airplane (airplane_id, curent_capacity, max_capacity, model, airline_id) values ('#5455f1', 12, 15, 'Highlander', 15);
insert into airplane (airplane_id, curent_capacity, max_capacity, model, airline_id) values ('#d9bb28', 6, 10, 'W201', 25);
insert into airplane (airplane_id, curent_capacity, max_capacity, model, airline_id) values ('#fa8ba8', 7, 10, 'Thunderbird', 31);
insert into airplane (airplane_id, curent_capacity, max_capacity, model, airline_id) values ('#97dc29', 6, 10, 'Trans Sport', 46);
insert into airplane (airplane_id, curent_capacity, max_capacity, model, airline_id) values ('#04c241', 5, 10, 'Tucson', 17);
insert into airplane (airplane_id, curent_capacity, max_capacity, model, airline_id) values ('#d8fb13', 2, 10, 'Sportage', 5);
insert into airplane (airplane_id, curent_capacity, max_capacity, model, airline_id) values ('#6dc00c', 8, 10, 'F-Series', 29);

-- seat
-- 40
insert into seat (seat_number, is_taken, airplane_id) values ('#67a', false, '#f2266d');
insert into seat (seat_number, is_taken, airplane_id) values ('#e3a', true, '#f2266d');
insert into seat (seat_number, is_taken, airplane_id) values ('#3c3', true, '#f2266d');
insert into seat (seat_number, is_taken, airplane_id) values ('#7a2', true, '#f2266d');
insert into seat (seat_number, is_taken, airplane_id) values ('#a55', true, '#f2266d');
insert into seat (seat_number, is_taken, airplane_id) values ('#9bb', false, '#f2266d');
insert into seat (seat_number, is_taken, airplane_id) values ('#2a6', true, '#f2266d');
insert into seat (seat_number, is_taken, airplane_id) values ('#55a', true, '#f2266d');
insert into seat (seat_number, is_taken, airplane_id) values ('#0b8', false, '#f2266d');
insert into seat (seat_number, is_taken, airplane_id) values ('#5ff', false, '#f2266d');
insert into seat (seat_number, is_taken, airplane_id) values ('#0d1', true, '#f2266d');
insert into seat (seat_number, is_taken, airplane_id) values ('#a71', false, '#f2266d');
insert into seat (seat_number, is_taken, airplane_id) values ('#47b', false, '#f2266d');
insert into seat (seat_number, is_taken, airplane_id) values ('#622', false, '#f2266d');
insert into seat (seat_number, is_taken, airplane_id) values ('#1bf', false, '#f2266d');
insert into seat (seat_number, is_taken, airplane_id) values ('#e87', true, '#f2266d');
insert into seat (seat_number, is_taken, airplane_id) values ('#5da', true, '#f2266d');
insert into seat (seat_number, is_taken, airplane_id) values ('#843', true, '#f2266d');
insert into seat (seat_number, is_taken, airplane_id) values ('#52c', true, '#f2266d');
insert into seat (seat_number, is_taken, airplane_id) values ('#57c', true, '#f2266d');
insert into seat (seat_number, is_taken, airplane_id) values ('#31d', true, '#f2266d');
insert into seat (seat_number, is_taken, airplane_id) values ('#ee9', true, '#f2266d');
insert into seat (seat_number, is_taken, airplane_id) values ('#b0b', false, '#f2266d');
insert into seat (seat_number, is_taken, airplane_id) values ('#fb2', true, '#f2266d');
insert into seat (seat_number, is_taken, airplane_id) values ('#c5f', false, '#f2266d');
insert into seat (seat_number, is_taken, airplane_id) values ('#3e0', true, '#f2266d');
insert into seat (seat_number, is_taken, airplane_id) values ('#564', false, '#f2266d');
insert into seat (seat_number, is_taken, airplane_id) values ('#434', false, '#f2266d');
insert into seat (seat_number, is_taken, airplane_id) values ('#21b', false, '#f2266d');
insert into seat (seat_number, is_taken, airplane_id) values ('#6d5', true, '#f2266d');
insert into seat (seat_number, is_taken, airplane_id) values ('#a26', false, '#f2266d');
insert into seat (seat_number, is_taken, airplane_id) values ('#5be', false, '#f2266d');
insert into seat (seat_number, is_taken, airplane_id) values ('#dd3', false, '#f2266d');
insert into seat (seat_number, is_taken, airplane_id) values ('#d83', false, '#f2266d');
insert into seat (seat_number, is_taken, airplane_id) values ('#eba', true, '#f2266d');
insert into seat (seat_number, is_taken, airplane_id) values ('#6fa', true, '#f2266d');
insert into seat (seat_number, is_taken, airplane_id) values ('#ce1', false, '#f2266d');
insert into seat (seat_number, is_taken, airplane_id) values ('#b71', true, '#f2266d');
insert into seat (seat_number, is_taken, airplane_id) values ('#bca', false, '#f2266d');
insert into seat (seat_number, is_taken, airplane_id) values ('#365', false, '#f2266d');

-- 25
insert into seat (seat_number, is_taken, airplane_id) values ('#2ee', true, '#ce95ca');
insert into seat (seat_number, is_taken, airplane_id) values ('#33a', true, '#ce95ca');
insert into seat (seat_number, is_taken, airplane_id) values ('#57f', false, '#ce95ca');
insert into seat (seat_number, is_taken, airplane_id) values ('#6b6', true, '#ce95ca');
insert into seat (seat_number, is_taken, airplane_id) values ('#123', false, '#ce95ca');
insert into seat (seat_number, is_taken, airplane_id) values ('#0a3', false, '#ce95ca');
insert into seat (seat_number, is_taken, airplane_id) values ('#1fa', false, '#ce95ca');
insert into seat (seat_number, is_taken, airplane_id) values ('#39f', false, '#ce95ca');
insert into seat (seat_number, is_taken, airplane_id) values ('#b0d', true, '#ce95ca');
insert into seat (seat_number, is_taken, airplane_id) values ('#33d', false, '#ce95ca');
insert into seat (seat_number, is_taken, airplane_id) values ('#d48', true, '#ce95ca');
insert into seat (seat_number, is_taken, airplane_id) values ('#b07', false, '#ce95ca');
insert into seat (seat_number, is_taken, airplane_id) values ('#346', true, '#ce95ca');
insert into seat (seat_number, is_taken, airplane_id) values ('#e4d', true, '#ce95ca');
insert into seat (seat_number, is_taken, airplane_id) values ('#327', true, '#ce95ca');
insert into seat (seat_number, is_taken, airplane_id) values ('#94e', true, '#ce95ca');
insert into seat (seat_number, is_taken, airplane_id) values ('#e63', true, '#ce95ca');
insert into seat (seat_number, is_taken, airplane_id) values ('#893', true, '#ce95ca');
insert into seat (seat_number, is_taken, airplane_id) values ('#9a2', false, '#ce95ca');
insert into seat (seat_number, is_taken, airplane_id) values ('#e3e', true, '#ce95ca');
insert into seat (seat_number, is_taken, airplane_id) values ('#794', false, '#ce95ca');
insert into seat (seat_number, is_taken, airplane_id) values ('#952', false, '#ce95ca');
insert into seat (seat_number, is_taken, airplane_id) values ('#f4c', false, '#ce95ca');
insert into seat (seat_number, is_taken, airplane_id) values ('#a4f', true, '#ce95ca');
insert into seat (seat_number, is_taken, airplane_id) values ('#2fc', false, '#ce95ca');
insert into seat (seat_number, is_taken, airplane_id) values ('#a58', false, '#ce95ca');
-- 15
insert into seat (seat_number, is_taken, airplane_id) values ('#352', false, '#17a08e');
insert into seat (seat_number, is_taken, airplane_id) values ('#af5', true, '#17a08e');
insert into seat (seat_number, is_taken, airplane_id) values ('#27a', false, '#17a08e');
insert into seat (seat_number, is_taken, airplane_id) values ('#491', false, '#17a08e');
insert into seat (seat_number, is_taken, airplane_id) values ('#c91', false, '#17a08e');
insert into seat (seat_number, is_taken, airplane_id) values ('#62e', false, '#17a08e');
insert into seat (seat_number, is_taken, airplane_id) values ('#068', true, '#17a08e');
insert into seat (seat_number, is_taken, airplane_id) values ('#d33', true, '#17a08e');
insert into seat (seat_number, is_taken, airplane_id) values ('#044', true, '#17a08e');
insert into seat (seat_number, is_taken, airplane_id) values ('#861', false, '#17a08e');
insert into seat (seat_number, is_taken, airplane_id) values ('#0ff', false, '#17a08e');
insert into seat (seat_number, is_taken, airplane_id) values ('#110', false, '#17a08e');
insert into seat (seat_number, is_taken, airplane_id) values ('#dd9', false, '#17a08e');
insert into seat (seat_number, is_taken, airplane_id) values ('#f4b', true, '#17a08e');
insert into seat (seat_number, is_taken, airplane_id) values ('#37a', false, '#17a08e');
insert into seat (seat_number, is_taken, airplane_id) values ('#5d6', true, '#17a08e');
-- 15
insert into seat (seat_number, is_taken, airplane_id) values ('#38e', false, '#5bdaaf');
insert into seat (seat_number, is_taken, airplane_id) values ('#ce5', true, '#5bdaaf');
insert into seat (seat_number, is_taken, airplane_id) values ('#0ee', false, '#5bdaaf');
insert into seat (seat_number, is_taken, airplane_id) values ('#b42', true, '#5bdaaf');
insert into seat (seat_number, is_taken, airplane_id) values ('#f1a', false, '#5bdaaf');
insert into seat (seat_number, is_taken, airplane_id) values ('#e55', true, '#5bdaaf');
insert into seat (seat_number, is_taken, airplane_id) values ('#362', true, '#5bdaaf');
insert into seat (seat_number, is_taken, airplane_id) values ('#517', true, '#5bdaaf');
insert into seat (seat_number, is_taken, airplane_id) values ('#c83', false, '#5bdaaf');
insert into seat (seat_number, is_taken, airplane_id) values ('#7c2', false, '#5bdaaf');
insert into seat (seat_number, is_taken, airplane_id) values ('#0ef', false, '#5bdaaf');
insert into seat (seat_number, is_taken, airplane_id) values ('#546', true, '#5bdaaf');
insert into seat (seat_number, is_taken, airplane_id) values ('#f7d', true, '#5bdaaf');
insert into seat (seat_number, is_taken, airplane_id) values ('#ca8', false, '#5bdaaf');
insert into seat (seat_number, is_taken, airplane_id) values ('#0da', false, '#5bdaaf');
insert into seat (seat_number, is_taken, airplane_id) values ('#b02', true, '#5bdaaf');
-- 15
insert into seat (seat_number, is_taken, airplane_id) values ('#c9c', false, '#5455f1');
insert into seat (seat_number, is_taken, airplane_id) values ('#5c3', true, '#5455f1');
insert into seat (seat_number, is_taken, airplane_id) values ('#022', false, '#5455f1');
insert into seat (seat_number, is_taken, airplane_id) values ('#a97', false, '#5455f1');
insert into seat (seat_number, is_taken, airplane_id) values ('#4f4', false, '#5455f1');
insert into seat (seat_number, is_taken, airplane_id) values ('#1f8', true, '#5455f1');
insert into seat (seat_number, is_taken, airplane_id) values ('#ec2', true, '#5455f1');
insert into seat (seat_number, is_taken, airplane_id) values ('#86e', false, '#5455f1');
insert into seat (seat_number, is_taken, airplane_id) values ('#ebc', false, '#5455f1');
insert into seat (seat_number, is_taken, airplane_id) values ('#c6c', false, '#5455f1');
insert into seat (seat_number, is_taken, airplane_id) values ('#27d', false, '#5455f1');
insert into seat (seat_number, is_taken, airplane_id) values ('#c43', false, '#5455f1');
insert into seat (seat_number, is_taken, airplane_id) values ('#f72', false, '#5455f1');
insert into seat (seat_number, is_taken, airplane_id) values ('#59c', true, '#5455f1');
insert into seat (seat_number, is_taken, airplane_id) values ('#552', false, '#5455f1');
insert into seat (seat_number, is_taken, airplane_id) values ('#054', true, '#5455f1');
-- 10
insert into seat (seat_number, is_taken, airplane_id) values ('#540', false, '#d9bb28');
insert into seat (seat_number, is_taken, airplane_id) values ('#726', true, '#d9bb28');
insert into seat (seat_number, is_taken, airplane_id) values ('#7d8', false, '#d9bb28');
insert into seat (seat_number, is_taken, airplane_id) values ('#d56', false, '#d9bb28');
insert into seat (seat_number, is_taken, airplane_id) values ('#e4f', true, '#d9bb28');
insert into seat (seat_number, is_taken, airplane_id) values ('#558', false, '#d9bb28');
insert into seat (seat_number, is_taken, airplane_id) values ('#b7b', false, '#d9bb28');
insert into seat (seat_number, is_taken, airplane_id) values ('#2ff', false, '#d9bb28');
insert into seat (seat_number, is_taken, airplane_id) values ('#dac', false, '#d9bb28');
insert into seat (seat_number, is_taken, airplane_id) values ('#6ce', true, '#d9bb28');
insert into seat (seat_number, is_taken, airplane_id) values ('#827', false, '#d9bb28');
-- 10
insert into seat (seat_number, is_taken, airplane_id) values ('#903', true, '#fa8ba8');
insert into seat (seat_number, is_taken, airplane_id) values ('#51c', true, '#fa8ba8');
insert into seat (seat_number, is_taken, airplane_id) values ('#2f5', false, '#fa8ba8');
insert into seat (seat_number, is_taken, airplane_id) values ('#e15', true, '#fa8ba8');
insert into seat (seat_number, is_taken, airplane_id) values ('#fab', false, '#fa8ba8');
insert into seat (seat_number, is_taken, airplane_id) values ('#c8a', true, '#fa8ba8');
insert into seat (seat_number, is_taken, airplane_id) values ('#baf', true, '#fa8ba8');
insert into seat (seat_number, is_taken, airplane_id) values ('#242', true, '#fa8ba8');
insert into seat (seat_number, is_taken, airplane_id) values ('#0b2', true, '#fa8ba8');
insert into seat (seat_number, is_taken, airplane_id) values ('#9b8', true, '#fa8ba8');
insert into seat (seat_number, is_taken, airplane_id) values ('#071', false, '#fa8ba8');
-- 10
insert into seat (seat_number, is_taken, airplane_id) values ('#955', false, '#97dc29');
insert into seat (seat_number, is_taken, airplane_id) values ('#f19', false, '#97dc29');
insert into seat (seat_number, is_taken, airplane_id) values ('#9d2', false, '#97dc29');
insert into seat (seat_number, is_taken, airplane_id) values ('#4e1', true, '#97dc29');
insert into seat (seat_number, is_taken, airplane_id) values ('#8c8', false, '#97dc29');
insert into seat (seat_number, is_taken, airplane_id) values ('#091', true, '#97dc29');
insert into seat (seat_number, is_taken, airplane_id) values ('#f7a', false, '#97dc29');
insert into seat (seat_number, is_taken, airplane_id) values ('#149', true, '#97dc29');
insert into seat (seat_number, is_taken, airplane_id) values ('#762', false, '#97dc29');
insert into seat (seat_number, is_taken, airplane_id) values ('#160', false, '#97dc29');
insert into seat (seat_number, is_taken, airplane_id) values ('#874', true, '#97dc29');
-- 10
insert into seat (seat_number, is_taken, airplane_id) values ('#9f4', false, '#04c241');
insert into seat (seat_number, is_taken, airplane_id) values ('#ef0', false, '#04c241');
insert into seat (seat_number, is_taken, airplane_id) values ('#62b', false, '#04c241');
insert into seat (seat_number, is_taken, airplane_id) values ('#037', true, '#04c241');
insert into seat (seat_number, is_taken, airplane_id) values ('#a6a', false, '#04c241');
insert into seat (seat_number, is_taken, airplane_id) values ('#c21', false, '#04c241');
insert into seat (seat_number, is_taken, airplane_id) values ('#928', false, '#04c241');
insert into seat (seat_number, is_taken, airplane_id) values ('#de5', false, '#04c241');
insert into seat (seat_number, is_taken, airplane_id) values ('#2c3', true, '#04c241');
insert into seat (seat_number, is_taken, airplane_id) values ('#5a6', true, '#04c241');
insert into seat (seat_number, is_taken, airplane_id) values ('#d7d', false, '#04c241');
-- 10
insert into seat (seat_number, is_taken, airplane_id) values ('#cf5', true, '#d8fb13');
insert into seat (seat_number, is_taken, airplane_id) values ('#abf', false, '#d8fb13');
insert into seat (seat_number, is_taken, airplane_id) values ('#18e', true, '#d8fb13');
insert into seat (seat_number, is_taken, airplane_id) values ('#05d', true, '#d8fb13');
insert into seat (seat_number, is_taken, airplane_id) values ('#7dd', false, '#d8fb13');
insert into seat (seat_number, is_taken, airplane_id) values ('#2f4', true, '#d8fb13');
insert into seat (seat_number, is_taken, airplane_id) values ('#dd2', false, '#d8fb13');
insert into seat (seat_number, is_taken, airplane_id) values ('#0e9', true, '#d8fb13');
insert into seat (seat_number, is_taken, airplane_id) values ('#e2b', true, '#d8fb13');
insert into seat (seat_number, is_taken, airplane_id) values ('#a83', true, '#d8fb13');
insert into seat (seat_number, is_taken, airplane_id) values ('#056', true, '#d8fb13');
-- 10
insert into seat (seat_number, is_taken, airplane_id) values ( '#b01', true, '#6dc00c');
insert into seat (seat_number, is_taken, airplane_id) values ( '#045', false, '#6dc00c');
insert into seat (seat_number, is_taken, airplane_id) values ( '#247', true, '#6dc00c');
insert into seat (seat_number, is_taken, airplane_id) values ( '#6dd', true, '#6dc00c');
insert into seat (seat_number, is_taken, airplane_id) values ( '#80d', true, '#6dc00c');
insert into seat (seat_number, is_taken, airplane_id) values ( '#2c4', false, '#6dc00c');
insert into seat (seat_number, is_taken, airplane_id) values ( '#68f', false, '#6dc00c');
insert into seat (seat_number, is_taken, airplane_id) values ( '#65a', false, '#6dc00c');
insert into seat (seat_number, is_taken, airplane_id) values ( '#1c1', false, '#6dc00c');
insert into seat (seat_number, is_taken, airplane_id) values ( '#cdf', true, '#6dc00c');

-- flight
insert into flight (flight_id, flight_number, airplane_id, depart_airport_id, arrival_airport_id, depart_datetime, arrival_datetime, economy_price, business_price)
values (1, '#f69', '#f2266d', 6, 7, '2021-08-05 21:59:59', '2021-08-05 23:59:59', 2136.26, 4312.93);

insert into flight (flight_id, flight_number, airplane_id, depart_airport_id, arrival_airport_id, depart_datetime, arrival_datetime, economy_price, business_price)
values (2, '#f69', '#f2266d', 7, 6, '2021-08-08 18:30:00', '2021-08-08 20:59:59', 2136.26, 4312.93);


insert into flight (flight_id, flight_number, airplane_id, depart_airport_id, arrival_airport_id, depart_datetime, arrival_datetime, economy_price, business_price)
values (3, '#d59', '#ce95ca', 6, 9, '2021-08-09 16:59:59', '2021-08-09 19:59:59', 2114.14, 5894.69);

insert into flight (flight_id, flight_number, airplane_id, depart_airport_id, arrival_airport_id, depart_datetime, arrival_datetime, economy_price, business_price)
values (4, '#d59', '#ce95ca', 9, 6, '2021-08-12 16:59:59', '2021-08-12 19:59:59', 2114.14, 5894.69);



insert into flight (flight_id, flight_number, airplane_id, depart_airport_id, arrival_airport_id, depart_datetime, arrival_datetime, economy_price, business_price)
values (5, '#802', '#17a08e', 4, 14, '2021-08-08 22:59:59', '2021-08-08 23:59:59', 1684.27, 7089.34);

insert into flight (flight_id, flight_number, airplane_id, depart_airport_id, arrival_airport_id, depart_datetime, arrival_datetime, economy_price, business_price)
values (6, '#802', '#17a08e', 14, 4, '2021-08-12 23:59:59', '2021-08-13 01:59:59', 1684.27, 7089.34);



insert into flight (flight_id, flight_number, airplane_id, depart_airport_id, arrival_airport_id, depart_datetime, arrival_datetime, economy_price, business_price)
values (7, '#393', '#5bdaaf', 7, 8, '2021-08-07 08:59:59', '2021-08-07 12:59:59', 2731.79, 8127.31);

insert into flight (flight_id, flight_number, airplane_id, depart_airport_id, arrival_airport_id, depart_datetime, arrival_datetime, economy_price, business_price)
values (8, '#393', '#5bdaaf', 8, 7, '2021-08-10 11:59:59', '2021-08-10 15:59:59', 2731.79, 8127.31);



insert into flight (flight_id, flight_number, airplane_id, depart_airport_id, arrival_airport_id, depart_datetime, arrival_datetime, economy_price, business_price)
values (9, '#38c', '#5455f1', 20, 1, '2021-08-12 20:59:59', '2021-08-12 23:59:59', 2004.22, 8255.25);

insert into flight (flight_id, flight_number, airplane_id, depart_airport_id, arrival_airport_id, depart_datetime, arrival_datetime, economy_price, business_price)
values (10, '#38c', '#5455f1', 1, 20, '2021-08-15 14:59:59', '2021-08-15 17:59:59', 2004.22, 8255.25);



insert into flight (flight_id, flight_number, airplane_id, depart_airport_id, arrival_airport_id, depart_datetime, arrival_datetime, economy_price, business_price)
values (11, '#a3e', '#d9bb28', 2, 3, '2021-08-08 12:59:59', '2021-08-08 16:59:59', 2867.05, 5991.74);

insert into flight (flight_id, flight_number, airplane_id, depart_airport_id, arrival_airport_id, depart_datetime, arrival_datetime, economy_price, business_price)
values (12, '#a3e', '#d9bb28', 3, 2, '2021-08-10 19:59:59', '2021-08-10 23:59:59', 2867.05, 5991.74);



insert into flight (flight_id, flight_number, airplane_id, depart_airport_id, arrival_airport_id, depart_datetime, arrival_datetime, economy_price, business_price)
values (13, '#e35', '#fa8ba8', 10, 5, '2021-08-11 16:59:59', '2021-08-11 19:59:59', 573.47, 6961.45);

insert into flight (flight_id, flight_number, airplane_id, depart_airport_id, arrival_airport_id, depart_datetime, arrival_datetime, economy_price, business_price)
values (14, '#e35', '#fa8ba8', 5, 10, '2021-08-12 18:59:59', '2021-08-12 21:59:59', 573.47, 6961.45);



insert into flight (flight_id, flight_number, airplane_id, depart_airport_id, arrival_airport_id, depart_datetime, arrival_datetime, economy_price, business_price)
values (15, '#1d9', '#97dc29', 11, 19, '2021-08-08 16:59:59', '2021-08-08 19:59:59', 1786.6, 7098.23);

insert into flight (flight_id, flight_number, airplane_id, depart_airport_id, arrival_airport_id, depart_datetime, arrival_datetime, economy_price, business_price)
values (16, '#1d9', '#97dc29', 19, 11, '2021-08-11 12:59:59', '2021-08-11 15:59:59', 1786.6, 7098.23);



insert into flight (flight_id, flight_number, airplane_id, depart_airport_id, arrival_airport_id, depart_datetime, arrival_datetime, economy_price, business_price)
values (17, '#07a', '#04c241', 21, 11, '2021-08-06 12:59:59', '2021-08-06 15:59:59', 1971.46, 3858.91);

insert into flight (flight_id, flight_number, airplane_id, depart_airport_id, arrival_airport_id, depart_datetime, arrival_datetime, economy_price, business_price)
values (18, '#07a', '#04c241', 11, 21, '2021-08-09 19:59:59', '2021-08-09 23:59:59', 1971.46, 3858.91);



insert into flight (flight_id, flight_number, airplane_id, depart_airport_id, arrival_airport_id, depart_datetime, arrival_datetime, economy_price, business_price)
values (19, '#896', '#d8fb13', 4, 22, '2021-08-06 12:59:59', '2021-08-06 17:59:59', 1238.66, 3863.31);

insert into flight (flight_id, flight_number, airplane_id, depart_airport_id, arrival_airport_id, depart_datetime, arrival_datetime, economy_price, business_price)
values (20, '#896', '#d8fb13', 22, 4, '2021-08-09 12:59:59', '2021-08-09 18:59:59', 1238.66, 3863.31);



insert into flight (flight_id, flight_number, airplane_id, depart_airport_id, arrival_airport_id, depart_datetime, arrival_datetime, economy_price, business_price)
values (21, '#b3a', '#6dc00c', 6, 11, '2021-08-05 06:59:59', '2021-08-05 10:59:59', 2419.63, 5758.02);

insert into flight (flight_id, flight_number, airplane_id, depart_airport_id, arrival_airport_id, depart_datetime, arrival_datetime, economy_price, business_price)
values (22, '#b3a', '#6dc00c', 11, 6, '2021-08-08 08:59:59', '2021-08-08 12:59:59', 2419.63, 5758.02);

-- USER
-- insert into User (user_id, first_name, last_name, phone_number, email) values (1, 'Richmond', 'Leffek', '(241) 4085332', 'rleffek0@themeforest.net');
-- insert into User (user_id, first_name, last_name, phone_number, email) values (2, 'Lucinda', 'Toye', '(590) 3128793', 'ltoye1@ted.com');
-- insert into User (user_id, first_name, last_name, phone_number, email) values (3, 'Myrna', 'Snewin', '(404) 2778632', 'msnewin2@jiathis.com');
-- insert into User (user_id, first_name, last_name, phone_number, email) values (4, 'Alfie', 'Matyukon', '(236) 3090887', 'amatyukon3@surveymonkey.com');
-- insert into User (user_id, first_name, last_name, phone_number, email) values (5, 'Ranna', 'Klimentov', '(952) 2553259', 'rklimentov4@example.com');

-- TICKET
