-- CITY
insert into City (city_id, name, country) values (1, 'Atlanta', 'United States');
insert into City (city_id, name, country) values (2, 'Los Angeles	', 'United States');
insert into City (city_id, name, country) values (3, 'Chicago', 'United States');
insert into City (city_id, name, country) values (4, 'Dallas', 'United States');
insert into City (city_id, name, country) values (5, 'Denver', 'United States');
insert into City (city_id, name, country) values (6, 'New York	', 'United States');
insert into City (city_id, name, country) values (7, 'San Francisco	', 'United States');
insert into City (city_id, name, country) values (8, 'Las Vegas	', 'United States');
insert into City (city_id, name, country) values (9, 'Seattle', 'United States');
insert into City (city_id, name, country) values (10, 'Charlotte', 'United States');
insert into City (city_id, name, country) values (11, 'Orlando', 'United States');
insert into City (city_id, name, country) values (12, 'Miami', 'United States');
insert into City (city_id, name, country) values (13, 'Phoenix', 'United States');
insert into City (city_id, name, country) values (14, 'Newark', 'United States');
insert into City (city_id, name, country) values (15, 'Houston', 'United States');
insert into City (city_id, name, country) values (16, 'Minneapolis', 'United States');
insert into City (city_id, name, country) values (17, 'Boston', 'United States');
insert into City (city_id, name, country) values (18, 'Detroit', 'United States');
insert into City (city_id, name, country) values (19, 'Fort Lauderdale', 'United States');
insert into City (city_id, name, country) values (20, 'Washington', 'United States');

-- AIRPORT
insert into Airport (airport_id, name, code, city_id) values (1, 'Hartsfield–Jackson Atlanta International Airport', 'ATL', 1);
insert into Airport (airport_id, name, code, city_id) values (2, 'Los Angeles International Airport', 'LAX', 2);
insert into Airport (airport_id, name, code, city_id) values (3, 'O''Hare International Airport', 'ORD', 3);
insert into Airport (airport_id, name, code, city_id) values (4, 'Dallas-Fort Worth International Airport', 'DFW', 4);
insert into Airport (airport_id, name, code, city_id) values (5, 'Denver International Airport', 'DEN', 5);
insert into Airport (airport_id, name, code, city_id) values (6, 'John F. Kennedy International Airport', 'JFK', 6);
insert into Airport (airport_id, name, code, city_id) values (7, 'San Francisco International Airport', 'SFO', 7);
insert into Airport (airport_id, name, code, city_id) values (8, 'McCarran International Airport', 'LAS', 8);
insert into Airport (airport_id, name, code, city_id) values (9, 'Seattle–Tacoma International Airport', 'SEA', 9);
insert into Airport (airport_id, name, code, city_id) values (10, 'Charlotte Douglas International Airport', 'CLT', 10);
insert into Airport (airport_id, name, code, city_id) values (11, 'Orlando International Airport', 'MCO', 11);
insert into Airport (airport_id, name, code, city_id) values (12, 'Miami International Airport', 'MIA', 12);
insert into Airport (airport_id, name, code, city_id) values (13, 'Phoenix Sky Harbor International Airport', 'PHX', 13);
insert into Airport (airport_id, name, code, city_id) values (14, 'Newark Liberty International Airport', 'EWR', 14);
insert into Airport (airport_id, name, code, city_id) values (15, 'George Bush Intercontinental Houston Airport', 'IAH', 15);
insert into Airport (airport_id, name, code, city_id) values (16, 'St Paul International Airport', 'MSP', 16);
insert into Airport (airport_id, name, code, city_id) values (17, 'Logan International Airport', 'BOS', 17);
insert into Airport (airport_id, name, code, city_id) values (18, 'Detroit Metropolitan Wayne County Airport', 'DTW', 18);
insert into Airport (airport_id, name, code, city_id) values (19, 'Fort Lauderdale Hollywood International Airport', 'FLL', 19);
insert into Airport (airport_id, name, code, city_id) values (20, 'Orlando Executive Airport', 'ORL', 11);
insert into Airport (airport_id, name, code, city_id) values (21, 'LaGuardia Airport', 'LGA', 6);
insert into Airport (airport_id, name, code, city_id) values (22, 'Ronald Reagan Washington National Airport', 'DCA', 20);
insert into Airport (airport_id, name, code, city_id) values (23, 'Washington Dulles International Airport', 'IAD', 20);

-- AIRLINE
insert into Airline (airline_id, name) values (1, 'Brightdog');
insert into Airline (airline_id, name) values (2, 'Skidoo');
insert into Airline (airline_id, name) values (3, 'Eazzy');
insert into Airline (airline_id, name) values (4, 'Ozu');
insert into Airline (airline_id, name) values (5, 'Quaxo');
insert into Airline (airline_id, name) values (6, 'Browsezoom');
insert into Airline (airline_id, name) values (7, 'Oyonder');
insert into Airline (airline_id, name) values (8, 'Bubblemix');
insert into Airline (airline_id, name) values (9, 'Thoughtworks');
insert into Airline (airline_id, name) values (10, 'Babbleset');
insert into Airline (airline_id, name) values (11, 'Tazzy');
insert into Airline (airline_id, name) values (12, 'Meedoo');
insert into Airline (airline_id, name) values (13, 'Flashset');
insert into Airline (airline_id, name) values (14, 'Edgewire');
insert into Airline (airline_id, name) values (15, 'Bluejam');
insert into Airline (airline_id, name) values (16, 'Cogibox');
insert into Airline (airline_id, name) values (17, 'Skaboo');
insert into Airline (airline_id, name) values (18, 'Vinder');
insert into Airline (airline_id, name) values (19, 'Dazzlesphere');
insert into Airline (airline_id, name) values (20, 'Skajo');
insert into Airline (airline_id, name) values (21, 'Edgeblab');
insert into Airline (airline_id, name) values (22, 'Roombo');
insert into Airline (airline_id, name) values (23, 'Jabbersphere');
insert into Airline (airline_id, name) values (24, 'Linkbuzz');
insert into Airline (airline_id, name) values (25, 'Flashpoint');
insert into Airline (airline_id, name) values (26, 'Realcube');
insert into Airline (airline_id, name) values (27, 'Eazzy');
insert into Airline (airline_id, name) values (28, 'Topdrive');
insert into Airline (airline_id, name) values (29, 'Topicware');
insert into Airline (airline_id, name) values (30, 'Riffpath');
insert into Airline (airline_id, name) values (31, 'Yoveo');
insert into Airline (airline_id, name) values (32, 'Kamba');
insert into Airline (airline_id, name) values (33, 'Divape');
insert into Airline (airline_id, name) values (34, 'Mydeo');
insert into Airline (airline_id, name) values (35, 'Photojam');
insert into Airline (airline_id, name) values (36, 'Mudo');
insert into Airline (airline_id, name) values (37, 'JumpXS');
insert into Airline (airline_id, name) values (38, 'Eabox');
insert into Airline (airline_id, name) values (39, 'Shuffledrive');
insert into Airline (airline_id, name) values (40, 'Oba');
insert into Airline (airline_id, name) values (41, 'Skipfire');
insert into Airline (airline_id, name) values (42, 'Skibox');
insert into Airline (airline_id, name) values (43, 'DabZ');
insert into Airline (airline_id, name) values (44, 'Yata');
insert into Airline (airline_id, name) values (45, 'Kazio');
insert into Airline (airline_id, name) values (46, 'Snaptags');
insert into Airline (airline_id, name) values (47, 'Browseblab');
insert into Airline (airline_id, name) values (48, 'Flashspan');
insert into Airline (airline_id, name) values (49, 'Wikizz');
insert into Airline (airline_id, name) values (50, 'Trupe');

-- AIRPLANE
insert into Airplane (airplane_id, curent_capacity, max_capacity, model, airline_id) values ('#f2266d', 21, 40, 'Ram 1500', 27);
insert into Airplane (airplane_id, curent_capacity, max_capacity, model, airline_id) values ('#ce95ca', 18, 25, 'Maxima', 33);
insert into Airplane (airplane_id, curent_capacity, max_capacity, model, airline_id) values ('#17a08e', 10, 15, 'Yukon', 14);
insert into Airplane (airplane_id, curent_capacity, max_capacity, model, airline_id) values ('#5bdaaf', 2, 15, '3500', 30);
insert into Airplane (airplane_id, curent_capacity, max_capacity, model, airline_id) values ('#5455f1', 12, 15, 'Highlander', 15);
insert into Airplane (airplane_id, curent_capacity, max_capacity, model, airline_id) values ('#d9bb28', 6, 10, 'W201', 25);
insert into Airplane (airplane_id, curent_capacity, max_capacity, model, airline_id) values ('#fa8ba8', 7, 10, 'Thunderbird', 31);
insert into Airplane (airplane_id, curent_capacity, max_capacity, model, airline_id) values ('#97dc29', 6, 10, 'Trans Sport', 46);
insert into Airplane (airplane_id, curent_capacity, max_capacity, model, airline_id) values ('#04c241', 5, 10, 'Tucson', 17);
insert into Airplane (airplane_id, curent_capacity, max_capacity, model, airline_id) values ('#d8fb13', 2, 10, 'Sportage', 5);
insert into Airplane (airplane_id, curent_capacity, max_capacity, model, airline_id) values ('#6dc00c', 8, 10, 'F-Series', 29);

-- SEAT
-- 40
insert into Seat (seat_id, seat_number, is_taken, airplane_id) values (1, '#67a', false, '#f2266d');
insert into Seat (seat_id, seat_number, is_taken, airplane_id) values (2, '#e3a', true, '#f2266d');
insert into Seat (seat_id, seat_number, is_taken, airplane_id) values (3, '#3c3', true, '#f2266d');
insert into Seat (seat_id, seat_number, is_taken, airplane_id) values (4, '#7a2', true, '#f2266d');
insert into Seat (seat_id, seat_number, is_taken, airplane_id) values (5, '#a55', true, '#f2266d');
insert into Seat (seat_id, seat_number, is_taken, airplane_id) values (6, '#9bb', false, '#f2266d');
insert into Seat (seat_id, seat_number, is_taken, airplane_id) values (7, '#2a6', true, '#f2266d');
insert into Seat (seat_id, seat_number, is_taken, airplane_id) values (8, '#55a', true, '#f2266d');
insert into Seat (seat_id, seat_number, is_taken, airplane_id) values (9, '#0b8', false, '#f2266d');
insert into Seat (seat_id, seat_number, is_taken, airplane_id) values (10, '#5ff', false, '#f2266d');
insert into Seat (seat_id, seat_number, is_taken, airplane_id) values (11, '#0d1', true, '#f2266d');
insert into Seat (seat_id, seat_number, is_taken, airplane_id) values (12, '#a71', false, '#f2266d');
insert into Seat (seat_id, seat_number, is_taken, airplane_id) values (13, '#47b', false, '#f2266d');
insert into Seat (seat_id, seat_number, is_taken, airplane_id) values (14, '#622', false, '#f2266d');
insert into Seat (seat_id, seat_number, is_taken, airplane_id) values (15, '#1bf', false, '#f2266d');
insert into Seat (seat_id, seat_number, is_taken, airplane_id) values (16, '#e87', true, '#f2266d');
insert into Seat (seat_id, seat_number, is_taken, airplane_id) values (17, '#5da', true, '#f2266d');
insert into Seat (seat_id, seat_number, is_taken, airplane_id) values (18, '#843', true, '#f2266d');
insert into Seat (seat_id, seat_number, is_taken, airplane_id) values (19, '#52c', true, '#f2266d');
insert into Seat (seat_id, seat_number, is_taken, airplane_id) values (20, '#57c', true, '#f2266d');
insert into Seat (seat_id, seat_number, is_taken, airplane_id) values (21, '#31d', true, '#f2266d');
insert into Seat (seat_id, seat_number, is_taken, airplane_id) values (22, '#ee9', true, '#f2266d');
insert into Seat (seat_id, seat_number, is_taken, airplane_id) values (23, '#b0b', false, '#f2266d');
insert into Seat (seat_id, seat_number, is_taken, airplane_id) values (24, '#fb2', true, '#f2266d');
insert into Seat (seat_id, seat_number, is_taken, airplane_id) values (25, '#c5f', false, '#f2266d');
insert into Seat (seat_id, seat_number, is_taken, airplane_id) values (26, '#3e0', true, '#f2266d');
insert into Seat (seat_id, seat_number, is_taken, airplane_id) values (27, '#564', false, '#f2266d');
insert into Seat (seat_id, seat_number, is_taken, airplane_id) values (28, '#434', false, '#f2266d');
insert into Seat (seat_id, seat_number, is_taken, airplane_id) values (29, '#21b', false, '#f2266d');
insert into Seat (seat_id, seat_number, is_taken, airplane_id) values (30, '#6d5', true, '#f2266d');
insert into Seat (seat_id, seat_number, is_taken, airplane_id) values (31, '#a26', false, '#f2266d');
insert into Seat (seat_id, seat_number, is_taken, airplane_id) values (32, '#5be', false, '#f2266d');
insert into Seat (seat_id, seat_number, is_taken, airplane_id) values (33, '#dd3', false, '#f2266d');
insert into Seat (seat_id, seat_number, is_taken, airplane_id) values (34, '#d83', false, '#f2266d');
insert into Seat (seat_id, seat_number, is_taken, airplane_id) values (35, '#eba', true, '#f2266d');
insert into Seat (seat_id, seat_number, is_taken, airplane_id) values (36, '#6fa', true, '#f2266d');
insert into Seat (seat_id, seat_number, is_taken, airplane_id) values (37, '#ce1', false, '#f2266d');
insert into Seat (seat_id, seat_number, is_taken, airplane_id) values (38, '#b71', true, '#f2266d');
insert into Seat (seat_id, seat_number, is_taken, airplane_id) values (39, '#bca', false, '#f2266d');
insert into Seat (seat_id, seat_number, is_taken, airplane_id) values (40, '#365', false, '#f2266d');

-- 25
insert into Seat (seat_id, seat_number, is_taken, airplane_id) values (41, '#2ee', true, '#ce95ca');
insert into Seat (seat_id, seat_number, is_taken, airplane_id) values (42, '#33a', true, '#ce95ca');
insert into Seat (seat_id, seat_number, is_taken, airplane_id) values (43, '#57f', false, '#ce95ca');
insert into Seat (seat_id, seat_number, is_taken, airplane_id) values (44, '#6b6', true, '#ce95ca');
insert into Seat (seat_id, seat_number, is_taken, airplane_id) values (45, '#123', false, '#ce95ca');
insert into Seat (seat_id, seat_number, is_taken, airplane_id) values (46, '#0a3', false, '#ce95ca');
insert into Seat (seat_id, seat_number, is_taken, airplane_id) values (47, '#1fa', false, '#ce95ca');
insert into Seat (seat_id, seat_number, is_taken, airplane_id) values (48, '#39f', false, '#ce95ca');
insert into Seat (seat_id, seat_number, is_taken, airplane_id) values (49, '#b0d', true, '#ce95ca');
insert into Seat (seat_id, seat_number, is_taken, airplane_id) values (50, '#33d', false, '#ce95ca');
insert into Seat (seat_id, seat_number, is_taken, airplane_id) values (51, '#d48', true, '#ce95ca');
insert into Seat (seat_id, seat_number, is_taken, airplane_id) values (52, '#b07', false, '#ce95ca');
insert into Seat (seat_id, seat_number, is_taken, airplane_id) values (53, '#346', true, '#ce95ca');
insert into Seat (seat_id, seat_number, is_taken, airplane_id) values (54, '#e4d', true, '#ce95ca');
insert into Seat (seat_id, seat_number, is_taken, airplane_id) values (55, '#327', true, '#ce95ca');
insert into Seat (seat_id, seat_number, is_taken, airplane_id) values (56, '#94e', true, '#ce95ca');
insert into Seat (seat_id, seat_number, is_taken, airplane_id) values (57, '#e63', true, '#ce95ca');
insert into Seat (seat_id, seat_number, is_taken, airplane_id) values (58, '#893', true, '#ce95ca');
insert into Seat (seat_id, seat_number, is_taken, airplane_id) values (59, '#9a2', false, '#ce95ca');
insert into Seat (seat_id, seat_number, is_taken, airplane_id) values (60, '#e3e', true, '#ce95ca');
insert into Seat (seat_id, seat_number, is_taken, airplane_id) values (61, '#794', false, '#ce95ca');
insert into Seat (seat_id, seat_number, is_taken, airplane_id) values (62, '#952', false, '#ce95ca');
insert into Seat (seat_id, seat_number, is_taken, airplane_id) values (63, '#f4c', false, '#ce95ca');
insert into Seat (seat_id, seat_number, is_taken, airplane_id) values (64, '#a4f', true, '#ce95ca');
insert into Seat (seat_id, seat_number, is_taken, airplane_id) values (65, '#2fc', false, '#ce95ca');
insert into Seat (seat_id, seat_number, is_taken, airplane_id) values (66, '#a58', false, '#ce95ca');
-- 15
insert into Seat (seat_id, seat_number, is_taken, airplane_id) values (67, '#352', false, '#17a08e');
insert into Seat (seat_id, seat_number, is_taken, airplane_id) values (68, '#af5', true, '#17a08e');
insert into Seat (seat_id, seat_number, is_taken, airplane_id) values (69, '#27a', false, '#17a08e');
insert into Seat (seat_id, seat_number, is_taken, airplane_id) values (70, '#491', false, '#17a08e');
insert into Seat (seat_id, seat_number, is_taken, airplane_id) values (71, '#c91', false, '#17a08e');
insert into Seat (seat_id, seat_number, is_taken, airplane_id) values (72, '#62e', false, '#17a08e');
insert into Seat (seat_id, seat_number, is_taken, airplane_id) values (73, '#068', true, '#17a08e');
insert into Seat (seat_id, seat_number, is_taken, airplane_id) values (74, '#d33', true, '#17a08e');
insert into Seat (seat_id, seat_number, is_taken, airplane_id) values (75, '#044', true, '#17a08e');
insert into Seat (seat_id, seat_number, is_taken, airplane_id) values (76, '#861', false, '#17a08e');
insert into Seat (seat_id, seat_number, is_taken, airplane_id) values (77, '#0ff', false, '#17a08e');
insert into Seat (seat_id, seat_number, is_taken, airplane_id) values (78, '#110', false, '#17a08e');
insert into Seat (seat_id, seat_number, is_taken, airplane_id) values (79, '#dd9', false, '#17a08e');
insert into Seat (seat_id, seat_number, is_taken, airplane_id) values (80, '#f4b', true, '#17a08e');
insert into Seat (seat_id, seat_number, is_taken, airplane_id) values (81, '#37a', false, '#17a08e');
insert into Seat (seat_id, seat_number, is_taken, airplane_id) values (82, '#5d6', true, '#17a08e');
-- 15
insert into Seat (seat_id, seat_number, is_taken, airplane_id) values (83, '#38e', false, '#5bdaaf');
insert into Seat (seat_id, seat_number, is_taken, airplane_id) values (84, '#ce5', true, '#5bdaaf');
insert into Seat (seat_id, seat_number, is_taken, airplane_id) values (85, '#0ee', false, '#5bdaaf');
insert into Seat (seat_id, seat_number, is_taken, airplane_id) values (86, '#b42', true, '#5bdaaf');
insert into Seat (seat_id, seat_number, is_taken, airplane_id) values (87, '#f1a', false, '#5bdaaf');
insert into Seat (seat_id, seat_number, is_taken, airplane_id) values (88, '#e55', true, '#5bdaaf');
insert into Seat (seat_id, seat_number, is_taken, airplane_id) values (89, '#362', true, '#5bdaaf');
insert into Seat (seat_id, seat_number, is_taken, airplane_id) values (90, '#517', true, '#5bdaaf');
insert into Seat (seat_id, seat_number, is_taken, airplane_id) values (91, '#c83', false, '#5bdaaf');
insert into Seat (seat_id, seat_number, is_taken, airplane_id) values (92, '#7c2', false, '#5bdaaf');
insert into Seat (seat_id, seat_number, is_taken, airplane_id) values (93, '#0ef', false, '#5bdaaf');
insert into Seat (seat_id, seat_number, is_taken, airplane_id) values (94, '#546', true, '#5bdaaf');
insert into Seat (seat_id, seat_number, is_taken, airplane_id) values (95, '#f7d', true, '#5bdaaf');
insert into Seat (seat_id, seat_number, is_taken, airplane_id) values (96, '#ca8', false, '#5bdaaf');
insert into Seat (seat_id, seat_number, is_taken, airplane_id) values (97, '#0da', false, '#5bdaaf');
insert into Seat (seat_id, seat_number, is_taken, airplane_id) values (98, '#b02', true, '#5bdaaf');
-- 15
insert into Seat (seat_id, seat_number, is_taken, airplane_id) values (99, '#c9c', false, '#5455f1');
insert into Seat (seat_id, seat_number, is_taken, airplane_id) values (100, '#5c3', true, '#5455f1');
insert into Seat (seat_id, seat_number, is_taken, airplane_id) values (101, '#022', false, '#5455f1');
insert into Seat (seat_id, seat_number, is_taken, airplane_id) values (102, '#a97', false, '#5455f1');
insert into Seat (seat_id, seat_number, is_taken, airplane_id) values (103, '#4f4', false, '#5455f1');
insert into Seat (seat_id, seat_number, is_taken, airplane_id) values (104, '#1f8', true, '#5455f1');
insert into Seat (seat_id, seat_number, is_taken, airplane_id) values (105, '#ec2', true, '#5455f1');
insert into Seat (seat_id, seat_number, is_taken, airplane_id) values (106, '#86e', false, '#5455f1');
insert into Seat (seat_id, seat_number, is_taken, airplane_id) values (107, '#ebc', false, '#5455f1');
insert into Seat (seat_id, seat_number, is_taken, airplane_id) values (108, '#c6c', false, '#5455f1');
insert into Seat (seat_id, seat_number, is_taken, airplane_id) values (109, '#27d', false, '#5455f1');
insert into Seat (seat_id, seat_number, is_taken, airplane_id) values (110, '#c43', false, '#5455f1');
insert into Seat (seat_id, seat_number, is_taken, airplane_id) values (111, '#f72', false, '#5455f1');
insert into Seat (seat_id, seat_number, is_taken, airplane_id) values (112, '#59c', true, '#5455f1');
insert into Seat (seat_id, seat_number, is_taken, airplane_id) values (113, '#552', false, '#5455f1');
insert into Seat (seat_id, seat_number, is_taken, airplane_id) values (114, '#054', true, '#5455f1');
-- 10
insert into Seat (seat_id, seat_number, is_taken, airplane_id) values (115, '#540', false, '#d9bb28');
insert into Seat (seat_id, seat_number, is_taken, airplane_id) values (116, '#726', true, '#d9bb28');
insert into Seat (seat_id, seat_number, is_taken, airplane_id) values (117, '#7d8', false, '#d9bb28');
insert into Seat (seat_id, seat_number, is_taken, airplane_id) values (118, '#d56', false, '#d9bb28');
insert into Seat (seat_id, seat_number, is_taken, airplane_id) values (119, '#e4f', true, '#d9bb28');
insert into Seat (seat_id, seat_number, is_taken, airplane_id) values (120, '#558', false, '#d9bb28');
insert into Seat (seat_id, seat_number, is_taken, airplane_id) values (121, '#b7b', false, '#d9bb28');
insert into Seat (seat_id, seat_number, is_taken, airplane_id) values (122, '#2ff', false, '#d9bb28');
insert into Seat (seat_id, seat_number, is_taken, airplane_id) values (123, '#dac', false, '#d9bb28');
insert into Seat (seat_id, seat_number, is_taken, airplane_id) values (124, '#6ce', true, '#d9bb28');
insert into Seat (seat_id, seat_number, is_taken, airplane_id) values (125, '#827', false, '#d9bb28');
-- 10
insert into Seat (seat_id, seat_number, is_taken, airplane_id) values (126, '#903', true, '#fa8ba8');
insert into Seat (seat_id, seat_number, is_taken, airplane_id) values (127, '#51c', true, '#fa8ba8');
insert into Seat (seat_id, seat_number, is_taken, airplane_id) values (128, '#2f5', false, '#fa8ba8');
insert into Seat (seat_id, seat_number, is_taken, airplane_id) values (129, '#e15', true, '#fa8ba8');
insert into Seat (seat_id, seat_number, is_taken, airplane_id) values (130, '#fab', false, '#fa8ba8');
insert into Seat (seat_id, seat_number, is_taken, airplane_id) values (131, '#c8a', true, '#fa8ba8');
insert into Seat (seat_id, seat_number, is_taken, airplane_id) values (132, '#baf', true, '#fa8ba8');
insert into Seat (seat_id, seat_number, is_taken, airplane_id) values (133, '#242', true, '#fa8ba8');
insert into Seat (seat_id, seat_number, is_taken, airplane_id) values (134, '#0b2', true, '#fa8ba8');
insert into Seat (seat_id, seat_number, is_taken, airplane_id) values (135, '#9b8', true, '#fa8ba8');
insert into Seat (seat_id, seat_number, is_taken, airplane_id) values (136, '#071', false, '#fa8ba8');
-- 10
insert into Seat (seat_id, seat_number, is_taken, airplane_id) values (137, '#955', false, '#97dc29');
insert into Seat (seat_id, seat_number, is_taken, airplane_id) values (138, '#f19', false, '#97dc29');
insert into Seat (seat_id, seat_number, is_taken, airplane_id) values (139, '#9d2', false, '#97dc29');
insert into Seat (seat_id, seat_number, is_taken, airplane_id) values (140, '#4e1', true, '#97dc29');
insert into Seat (seat_id, seat_number, is_taken, airplane_id) values (141, '#8c8', false, '#97dc29');
insert into Seat (seat_id, seat_number, is_taken, airplane_id) values (142, '#091', true, '#97dc29');
insert into Seat (seat_id, seat_number, is_taken, airplane_id) values (143, '#f7a', false, '#97dc29');
insert into Seat (seat_id, seat_number, is_taken, airplane_id) values (144, '#149', true, '#97dc29');
insert into Seat (seat_id, seat_number, is_taken, airplane_id) values (145, '#762', false, '#97dc29');
insert into Seat (seat_id, seat_number, is_taken, airplane_id) values (146, '#160', false, '#97dc29');
insert into Seat (seat_id, seat_number, is_taken, airplane_id) values (147, '#874', true, '#97dc29');
-- 10
insert into Seat (seat_id, seat_number, is_taken, airplane_id) values (148, '#9f4', false, '#04c241');
insert into Seat (seat_id, seat_number, is_taken, airplane_id) values (149, '#ef0', false, '#04c241');
insert into Seat (seat_id, seat_number, is_taken, airplane_id) values (150, '#62b', false, '#04c241');
insert into Seat (seat_id, seat_number, is_taken, airplane_id) values (151, '#037', true, '#04c241');
insert into Seat (seat_id, seat_number, is_taken, airplane_id) values (152, '#a6a', false, '#04c241');
insert into Seat (seat_id, seat_number, is_taken, airplane_id) values (153, '#c21', false, '#04c241');
insert into Seat (seat_id, seat_number, is_taken, airplane_id) values (154, '#928', false, '#04c241');
insert into Seat (seat_id, seat_number, is_taken, airplane_id) values (155, '#de5', false, '#04c241');
insert into Seat (seat_id, seat_number, is_taken, airplane_id) values (156, '#2c3', true, '#04c241');
insert into Seat (seat_id, seat_number, is_taken, airplane_id) values (157, '#5a6', true, '#04c241');
insert into Seat (seat_id, seat_number, is_taken, airplane_id) values (158, '#d7d', false, '#04c241');
-- 10
insert into Seat (seat_id, seat_number, is_taken, airplane_id) values (159, '#cf5', true, '#d8fb13');
insert into Seat (seat_id, seat_number, is_taken, airplane_id) values (160, '#abf', false, '#d8fb13');
insert into Seat (seat_id, seat_number, is_taken, airplane_id) values (161, '#18e', true, '#d8fb13');
insert into Seat (seat_id, seat_number, is_taken, airplane_id) values (162, '#05d', true, '#d8fb13');
insert into Seat (seat_id, seat_number, is_taken, airplane_id) values (163, '#7dd', false, '#d8fb13');
insert into Seat (seat_id, seat_number, is_taken, airplane_id) values (164, '#2f4', true, '#d8fb13');
insert into Seat (seat_id, seat_number, is_taken, airplane_id) values (165, '#dd2', false, '#d8fb13');
insert into Seat (seat_id, seat_number, is_taken, airplane_id) values (166, '#0e9', true, '#d8fb13');
insert into Seat (seat_id, seat_number, is_taken, airplane_id) values (167, '#e2b', true, '#d8fb13');
insert into Seat (seat_id, seat_number, is_taken, airplane_id) values (168, '#a83', true, '#d8fb13');
insert into Seat (seat_id, seat_number, is_taken, airplane_id) values (169, '#056', true, '#d8fb13');
-- 10
insert into Seat (seat_id, seat_number, is_taken, airplane_id) values (170, '#b01', true, '#6dc00c');
insert into Seat (seat_id, seat_number, is_taken, airplane_id) values (171, '#045', false, '#6dc00c');
insert into Seat (seat_id, seat_number, is_taken, airplane_id) values (172, '#247', true, '#6dc00c');
insert into Seat (seat_id, seat_number, is_taken, airplane_id) values (173, '#6dd', true, '#6dc00c');
insert into Seat (seat_id, seat_number, is_taken, airplane_id) values (174, '#80d', true, '#6dc00c');
insert into Seat (seat_id, seat_number, is_taken, airplane_id) values (175, '#2c4', false, '#6dc00c');
insert into Seat (seat_id, seat_number, is_taken, airplane_id) values (176, '#68f', false, '#6dc00c');
insert into Seat (seat_id, seat_number, is_taken, airplane_id) values (177, '#65a', false, '#6dc00c');
insert into Seat (seat_id, seat_number, is_taken, airplane_id) values (178, '#1c1', false, '#6dc00c');
insert into Seat (seat_id, seat_number, is_taken, airplane_id) values (179, '#cdf', true, '#6dc00c');

-- FLIGHT
insert into Flight (flight_id, flight_number, airplane_id, depart_airport_id, arrival_airport_id, depart_datetime, arrival_datetime, economy_price, business_price)
values (1, '#f69', '#f2266d', 6, 7, '2021-08-05 21:59:59', '2021-08-05 23:59:59', 2136.26, 4312.93);

insert into Flight (flight_id, flight_number, airplane_id, depart_airport_id, arrival_airport_id, depart_datetime, arrival_datetime, economy_price, business_price)
values (2, '#f69', '#f2266d', 7, 6, '2021-08-08 18:30:00', '2021-08-08 20:59:59', 2136.26, 4312.93);


insert into Flight (flight_id, flight_number, airplane_id, depart_airport_id, arrival_airport_id, depart_datetime, arrival_datetime, economy_price, business_price)
values (3, '#d59', '#ce95ca', 6, 9, '2021-08-09 16:59:59', '2021-08-09 19:59:59', 2114.14, 5894.69);

insert into Flight (flight_id, flight_number, airplane_id, depart_airport_id, arrival_airport_id, depart_datetime, arrival_datetime, economy_price, business_price)
values (4, '#d59', '#ce95ca', 9, 6, '2021-08-12 16:59:59', '2021-08-12 19:59:59', 2114.14, 5894.69);



insert into Flight (flight_id, flight_number, airplane_id, depart_airport_id, arrival_airport_id, depart_datetime, arrival_datetime, economy_price, business_price)
values (5, '#802', '#17a08e', 4, 14, '2021-08-08 22:59:59', '2021-08-08 23:59:59', 1684.27, 7089.34);

insert into Flight (flight_id, flight_number, airplane_id, depart_airport_id, arrival_airport_id, depart_datetime, arrival_datetime, economy_price, business_price)
values (6, '#802', '#17a08e', 14, 4, '2021-08-12 23:59:59', '2021-08-13 01:59:59', 1684.27, 7089.34);



insert into Flight (flight_id, flight_number, airplane_id, depart_airport_id, arrival_airport_id, depart_datetime, arrival_datetime, economy_price, business_price)
values (7, '#393', '#5bdaaf', 7, 8, '2021-08-07 08:59:59', '2021-08-07 12:59:59', 2731.79, 8127.31);

insert into Flight (flight_id, flight_number, airplane_id, depart_airport_id, arrival_airport_id, depart_datetime, arrival_datetime, economy_price, business_price)
values (8, '#393', '#5bdaaf', 8, 7, '2021-08-10 11:59:59', '2021-08-10 15:59:59', 2731.79, 8127.31);



insert into Flight (flight_id, flight_number, airplane_id, depart_airport_id, arrival_airport_id, depart_datetime, arrival_datetime, economy_price, business_price)
values (9, '#38c', '#5455f1', 20, 1, '2021-08-12 20:59:59', '2021-08-12 23:59:59', 2004.22, 8255.25);

insert into Flight (flight_id, flight_number, airplane_id, depart_airport_id, arrival_airport_id, depart_datetime, arrival_datetime, economy_price, business_price)
values (10, '#38c', '#5455f1', 1, 20, '2021-08-15 14:59:59', '2021-08-15 17:59:59', 2004.22, 8255.25);



insert into Flight (flight_id, flight_number, airplane_id, depart_airport_id, arrival_airport_id, depart_datetime, arrival_datetime, economy_price, business_price)
values (11, '#a3e', '#d9bb28', 2, 3, '2021-08-08 12:59:59', '2021-08-08 16:59:59', 2867.05, 5991.74);

insert into Flight (flight_id, flight_number, airplane_id, depart_airport_id, arrival_airport_id, depart_datetime, arrival_datetime, economy_price, business_price)
values (12, '#a3e', '#d9bb28', 3, 2, '2021-08-10 19:59:59', '2021-08-10 23:59:59', 2867.05, 5991.74);



insert into Flight (flight_id, flight_number, airplane_id, depart_airport_id, arrival_airport_id, depart_datetime, arrival_datetime, economy_price, business_price)
values (13, '#e35', '#fa8ba8', 10, 5, '2021-08-11 16:59:59', '2021-08-11 19:59:59', 573.47, 6961.45);

insert into Flight (flight_id, flight_number, airplane_id, depart_airport_id, arrival_airport_id, depart_datetime, arrival_datetime, economy_price, business_price)
values (14, '#e35', '#fa8ba8', 5, 10, '2021-08-12 18:59:59', '2021-08-12 21:59:59', 573.47, 6961.45);



insert into Flight (flight_id, flight_number, airplane_id, depart_airport_id, arrival_airport_id, depart_datetime, arrival_datetime, economy_price, business_price)
values (15, '#1d9', '#97dc29', 11, 19, '2021-08-08 16:59:59', '2021-08-08 19:59:59', 1786.6, 7098.23);

insert into Flight (flight_id, flight_number, airplane_id, depart_airport_id, arrival_airport_id, depart_datetime, arrival_datetime, economy_price, business_price)
values (16, '#1d9', '#97dc29', 19, 11, '2021-08-11 12:59:59', '2021-08-11 15:59:59', 1786.6, 7098.23);



insert into Flight (flight_id, flight_number, airplane_id, depart_airport_id, arrival_airport_id, depart_datetime, arrival_datetime, economy_price, business_price)
values (17, '#07a', '#04c241', 21, 11, '2021-08-06 12:59:59', '2021-08-06 15:59:59', 1971.46, 3858.91);

insert into Flight (flight_id, flight_number, airplane_id, depart_airport_id, arrival_airport_id, depart_datetime, arrival_datetime, economy_price, business_price)
values (18, '#07a', '#04c241', 11, 21, '2021-08-09 19:59:59', '2021-08-09 23:59:59', 1971.46, 3858.91);



insert into Flight (flight_id, flight_number, airplane_id, depart_airport_id, arrival_airport_id, depart_datetime, arrival_datetime, economy_price, business_price)
values (19, '#896', '#d8fb13', 4, 22, '2021-08-06 12:59:59', '2021-08-06 17:59:59', 1238.66, 3863.31);

insert into Flight (flight_id, flight_number, airplane_id, depart_airport_id, arrival_airport_id, depart_datetime, arrival_datetime, economy_price, business_price)
values (20, '#896', '#d8fb13', 22, 4, '2021-08-09 12:59:59', '2021-08-09 18:59:59', 1238.66, 3863.31);



insert into Flight (flight_id, flight_number, airplane_id, depart_airport_id, arrival_airport_id, depart_datetime, arrival_datetime, economy_price, business_price)
values (21, '#b3a', '#6dc00c', 6, 11, '2021-08-05 06:59:59', '2021-08-05 10:59:59', 2419.63, 5758.02);

insert into Flight (flight_id, flight_number, airplane_id, depart_airport_id, arrival_airport_id, depart_datetime, arrival_datetime, economy_price, business_price)
values (22, '#b3a', '#6dc00c', 11, 6, '2021-08-08 08:59:59', '2021-08-08 12:59:59', 2419.63, 5758.02);

-- USER
insert into User (user_id, first_name, last_name, phone_number, email) values (1, 'Richmond', 'Leffek', '(241) 4085332', 'rleffek0@themeforest.net');
insert into User (user_id, first_name, last_name, phone_number, email) values (2, 'Lucinda', 'Toye', '(590) 3128793', 'ltoye1@ted.com');
insert into User (user_id, first_name, last_name, phone_number, email) values (3, 'Myrna', 'Snewin', '(404) 2778632', 'msnewin2@jiathis.com');
insert into User (user_id, first_name, last_name, phone_number, email) values (4, 'Alfie', 'Matyukon', '(236) 3090887', 'amatyukon3@surveymonkey.com');
insert into User (user_id, first_name, last_name, phone_number, email) values (5, 'Ranna', 'Klimentov', '(952) 2553259', 'rklimentov4@example.com');

-- TICKET
